{"cameraMode":{"drawMode":0,"name":"Shaded","section":"Shading Mode"},"sceneLighting":true,"audioPlay":false,"sceneViewState":{"showFog":true,"showMaterialUpdate":false,"showSkybox":true,"showFlares":true,"showImageEffects":true,"showParticleSystems":true},"in2DMode":false,"pivot":{"x":1.216684103012085,"y":-29.154460906982423,"z":-46.82884216308594},"rotation":{"x":-0.0008342692162841558,"y":0.9902678728103638,"z":-0.1390453577041626,"w":-0.005941671319305897},"size":215.2100830078125,"orthographic":false}