{"cameraMode":{"drawMode":0,"name":"Shaded","section":"Shading Mode"},"sceneLighting":true,"audioPlay":false,"sceneViewState":{"showFog":true,"showMaterialUpdate":false,"showSkybox":true,"showFlares":true,"showImageEffects":true,"showParticleSystems":true},"in2DMode":false,"pivot":{"x":0.7703455686569214,"y":-3.1679582595825197,"z":-16.979503631591798},"rotation":{"x":0.16128607094287873,"y":-0.008589915931224823,"z":0.0014038195367902518,"w":0.9868693351745606},"size":58.077823638916019,"orthographic":false}